ResponseId,001 - Response,002 - Response,003 - Response,004 - Response,005 - Response,006 - Response,007 - Response,008 - Response,009 - Response,010 - Response,011 - Response,012 - Response,013 - Response,014 - Response,015 - Response,016 - Response,017 - Response,018 - Response,019 - Response,020 - Response,021 - Response,022 - Response,023 - Response,024 - Response,025 - Response,026 - Response,027 - Response,028 - Response,029 - Response,030 - Response,031 - Response,032 - Response,033 - Response,034 - Response,035 - Response,036 - Response,037 - Response,038 - Response,039 - Response,040 - Response,041 - Response,042 - Response,043 - Response,044 - Response,045 - Response,046 - Response,047 - Response,048 - Response,049 - Response,050 - Response,051 - Response,052 - Response,053 - Response,054 - Response,055 - Response,056 - Response,057 - Response,058 - Response,059 - Response,060 - Response,VVIQ - 01,VVIQ - 02,VVIQ - 03,VVIQ - 04,VVIQ - 05,VVIQ - 06,VVIQ - 07,VVIQ - 08,VVIQ - 09,VVIQ - 10,VVIQ - 11,VVIQ - 12,VVIQ - 13,VVIQ - 14,VVIQ - 15,VVIQ - 16
R_6hazd14Iv0vRJV7,two squares,,key,,,,,,,,,,,half circle,house,,,,,,Letter B,,ball string,rectangle,,,,eyes,,,,,,,,letter M,,,small circles,,,,,,cup,,,letter E,,,,pattern,,,,,tie,,,box cone,"1. No image at all, you only 'know' that you are thinking of the object","1. No image at all, you only 'know' that you are thinking of the object",4. Clear and reasonably vivid,3. Moderately clear and vivid,5. Perfectly clear and as vivid as normal vision,5. Perfectly clear and as vivid as normal vision,5. Perfectly clear and as vivid as normal vision,5. Perfectly clear and as vivid as normal vision,"1. No image at all, you only 'know' that you are thinking of the object","1. No image at all, you only 'know' that you are thinking of the object",4. Clear and reasonably vivid,"1. No image at all, you only 'know' that you are thinking of the object",5. Perfectly clear and as vivid as normal vision,5. Perfectly clear and as vivid as normal vision,5. Perfectly clear and as vivid as normal vision,5. Perfectly clear and as vivid as normal vision
R_5vQ6Xf1WugueDND,,,,,two chairs,,,,,,,swimming,,,,,,,,,cup,,,,letter j,triangle,,,lamp,letters id,,,,,balloon pair,volcano,,,,,,,,,,number 3,,letter x,unsure,,,,,,glass,,,umbrella,,cake,3. Moderately clear and vivid,4. Clear and reasonably vivid,3. Moderately clear and vivid,4. Clear and reasonably vivid,4. Clear and reasonably vivid,5. Perfectly clear and as vivid as normal vision,5. Perfectly clear and as vivid as normal vision,5. Perfectly clear and as vivid as normal vision,5. Perfectly clear and as vivid as normal vision,5. Perfectly clear and as vivid as normal vision,4. Clear and reasonably vivid,4. Clear and reasonably vivid,5. Perfectly clear and as vivid as normal vision,5. Perfectly clear and as vivid as normal vision,5. Perfectly clear and as vivid as normal vision,4. Clear and reasonably vivid
R_5KpdGyLKCFDJS5r,,,,,,House,,Butterfly,Mountain,,,,,Flower,,,,,,,,Angle,,,,,,,,,,,,Volcano,,,,,,Toilet,,Window,Balloon,Stringray,,,Square,,,Broom,,,,,,Potato,,Umbrella,,Cube,4. Clear and reasonably vivid,2. Vague and dim,"1. No image at all, you only 'know' that you are thinking of the object",3. Moderately clear and vivid,5. Perfectly clear and as vivid as normal vision,5. Perfectly clear and as vivid as normal vision,5. Perfectly clear and as vivid as normal vision,5. Perfectly clear and as vivid as normal vision,5. Perfectly clear and as vivid as normal vision,5. Perfectly clear and as vivid as normal vision,2. Vague and dim,5. Perfectly clear and as vivid as normal vision,"1. No image at all, you only 'know' that you are thinking of the object",5. Perfectly clear and as vivid as normal vision,4. Clear and reasonably vivid,4. Clear and reasonably vivid
R_5hfsgpVmDBRxfr5,,ladder,,,,,,,,pitchfork,,,,,,,cupcake,,,,beanie,,,,stick,,,,,,,,,bow tie,bow,,,,butterfly,,pregnancy,,,,,,,,,person,tv,,,,flagpole,,hourglass,,hat,house,3. Moderately clear and vivid,3. Moderately clear and vivid,3. Moderately clear and vivid,2. Vague and dim,3. Moderately clear and vivid,2. Vague and dim,3. Moderately clear and vivid,3. Moderately clear and vivid,3. Moderately clear and vivid,2. Vague and dim,3. Moderately clear and vivid,3. Moderately clear and vivid,3. Moderately clear and vivid,3. Moderately clear and vivid,3. Moderately clear and vivid,3. Moderately clear and vivid
R_6Eu2oR7CwVBRwyp,,,,,,,,butterfly,butterfly,,,,,tent,arrow,,,,,,,,,,,,,,,,,,,camcorder,,,,,,rectangle with loop,,four squares,earring,don't know,,,don't know,,,don't know,,,,music note,,,,umbrella,house,house,3. Moderately clear and vivid,4. Clear and reasonably vivid,3. Moderately clear and vivid,3. Moderately clear and vivid,4. Clear and reasonably vivid,5. Perfectly clear and as vivid as normal vision,5. Perfectly clear and as vivid as normal vision,5. Perfectly clear and as vivid as normal vision,3. Moderately clear and vivid,3. Moderately clear and vivid,3. Moderately clear and vivid,3. Moderately clear and vivid,3. Moderately clear and vivid,3. Moderately clear and vivid,3. Moderately clear and vivid,3. Moderately clear and vivid
R_6D6PBkrChss508l,,,,,,,,,,,,Don't know,,,square,Triangular diamond,flower,,,bird,2 circles,,head on shoulders,,,,,,,,person,,,,,,,,Ice cream cone,,,Looks like a triod with one more,Oval pile,,,,,,,,,,,music clef,wine glass,,,,vortex,house,5. Perfectly clear and as vivid as normal vision,4. Clear and reasonably vivid,5. Perfectly clear and as vivid as normal vision,5. Perfectly clear and as vivid as normal vision,4. Clear and reasonably vivid,5. Perfectly clear and as vivid as normal vision,5. Perfectly clear and as vivid as normal vision,4. Clear and reasonably vivid,4. Clear and reasonably vivid,4. Clear and reasonably vivid,3. Moderately clear and vivid,5. Perfectly clear and as vivid as normal vision,5. Perfectly clear and as vivid as normal vision,5. Perfectly clear and as vivid as normal vision,4. Clear and reasonably vivid,4. Clear and reasonably vivid
R_7LLF8qLJV3UgQE1,,,,stingray,,,,butterfly,butterfly,,,,,,,,,ice cream,,,,,lollipop,windmill,,,,,boat,fish skeleton,,,,,,,,ice cream,bee,,,,,,,,snail,,heart,,,,tulip,,,,,umbrella,,house,3. Moderately clear and vivid,4. Clear and reasonably vivid,2. Vague and dim,4. Clear and reasonably vivid,4. Clear and reasonably vivid,5. Perfectly clear and as vivid as normal vision,4. Clear and reasonably vivid,4. Clear and reasonably vivid,4. Clear and reasonably vivid,2. Vague and dim,4. Clear and reasonably vivid,2. Vague and dim,4. Clear and reasonably vivid,3. Moderately clear and vivid,3. Moderately clear and vivid,4. Clear and reasonably vivid
R_78Z3gy1mcpQ6lpQ,,,don't know,,,,,,,,rake,,cup,,,ice cream,,,don't know,,,,lollipop,,,,,,,,,wine glass,plunger,,film camera,,,,ice cream,,,,,,don't know,,,table,,,television,,,,,,,umbrella,,house,3. Moderately clear and vivid,2. Vague and dim,"1. No image at all, you only 'know' that you are thinking of the object","1. No image at all, you only 'know' that you are thinking of the object",3. Moderately clear and vivid,2. Vague and dim,2. Vague and dim,"1. No image at all, you only 'know' that you are thinking of the object",3. Moderately clear and vivid,"1. No image at all, you only 'know' that you are thinking of the object",3. Moderately clear and vivid,3. Moderately clear and vivid,3. Moderately clear and vivid,2. Vague and dim,3. Moderately clear and vivid,2. Vague and dim
R_5WU8WIr7pguhYVA,,,,glasses,,,up arrow,butterfly,,,interval graph,,,,pentagon,,,,,,capital b,triangle circle,,chair,,,,,shovel,,stick person,,,,,,,,,,luggage tag,,,,,circle square,,,,,,,,,yield sign,,hourglass,,,house,3. Moderately clear and vivid,2. Vague and dim,2. Vague and dim,2. Vague and dim,3. Moderately clear and vivid,3. Moderately clear and vivid,3. Moderately clear and vivid,3. Moderately clear and vivid,3. Moderately clear and vivid,2. Vague and dim,2. Vague and dim,2. Vague and dim,3. Moderately clear and vivid,2. Vague and dim,3. Moderately clear and vivid,"1. No image at all, you only 'know' that you are thinking of the object"
R_59txcXaWbmO04SW,,two boxes,,,,,star,I imagined two b’s facing outward attached by a y in the middle ,,,,,,I picked your half a loop with two D’s back to back and their loops facing out,,,,,,,,duck beak,,,The figure is facing up with the short line on the left side and a long line on the right side,,,"Well, I picked your two round objects that are close together and touching because of two lines on both side sides of",,,,,,,party hat,,,,ice cream cone with three scoops ,,,four squares,,,I just picked her. I know above a capital L.,I picked two fives connected one facing up and one facing down,,,,,,,,I picture a capital and a lower case b with their backs touching.,,circle with a V towards the top,,,,house,5. Perfectly clear and as vivid as normal vision,4. Clear and reasonably vivid,4. Clear and reasonably vivid,5. Perfectly clear and as vivid as normal vision,4. Clear and reasonably vivid,4. Clear and reasonably vivid,3. Moderately clear and vivid,5. Perfectly clear and as vivid as normal vision,4. Clear and reasonably vivid,4. Clear and reasonably vivid,4. Clear and reasonably vivid,4. Clear and reasonably vivid,4. Clear and reasonably vivid,4. Clear and reasonably vivid,4. Clear and reasonably vivid,4. Clear and reasonably vivid
R_7iswQke6K35dZLP,ladder,,,glasses,butterfly,glasses,,,,,,,,,,,,,,,no idea,,,,,,,glasses,,,,Fraction Symbol,,bow,,triangle,,Ice cream ,flower,,gift box,,,small kite,,,,,,,,,,,martini glass,,,,,house,3. Moderately clear and vivid,2. Vague and dim,4. Clear and reasonably vivid,4. Clear and reasonably vivid,3. Moderately clear and vivid,3. Moderately clear and vivid,2. Vague and dim,3. Moderately clear and vivid,4. Clear and reasonably vivid,3. Moderately clear and vivid,3. Moderately clear and vivid,3. Moderately clear and vivid,3. Moderately clear and vivid,2. Vague and dim,3. Moderately clear and vivid,3. Moderately clear and vivid
R_6g0EFev6t4FKlcE,,,Glasses ,,,,,,,,,,,,,,,,,Boat ,Boat ,,,Letter H,,Cone,,Glasses ,,,Flower,Hammer,,,,,,,,,,,,,Balloon,,,,Bird Beak ,,TV,Sword ,Key,,Tulip ,,,,,House,4. Clear and reasonably vivid,4. Clear and reasonably vivid,4. Clear and reasonably vivid,4. Clear and reasonably vivid,5. Perfectly clear and as vivid as normal vision,4. Clear and reasonably vivid,5. Perfectly clear and as vivid as normal vision,5. Perfectly clear and as vivid as normal vision,3. Moderately clear and vivid,3. Moderately clear and vivid,3. Moderately clear and vivid,2. Vague and dim,4. Clear and reasonably vivid,4. Clear and reasonably vivid,4. Clear and reasonably vivid,4. Clear and reasonably vivid
R_5mBwuHcjIHstC01,,,cup,,,,,,,,,,,,,sno-cone,,,,,,Audio Symbol,Stop sign,Baketball hoop,,,,,,,,,lamp,,,,Hammer,Ice cream,,mug,,,,,,,,tent,Heart,electric tower,TV,,,Basketball hoop,,,,,,House,2. Vague and dim,4. Clear and reasonably vivid,2. Vague and dim,4. Clear and reasonably vivid,3. Moderately clear and vivid,4. Clear and reasonably vivid,3. Moderately clear and vivid,2. Vague and dim,3. Moderately clear and vivid,4. Clear and reasonably vivid,3. Moderately clear and vivid,2. Vague and dim,3. Moderately clear and vivid,4. Clear and reasonably vivid,4. Clear and reasonably vivid,3. Moderately clear and vivid
R_7sEXibfidLgmOWd,,,,,,,,,,,,,cant figure,,house,ice cream,,No clue,,,,,,,,,door,,shovel,no idea,,,,,,,snow man,,balloons,running p?,,,,,,,no clue,letter T,,stick figure,,,boat,,,,,,,house,3. Moderately clear and vivid,3. Moderately clear and vivid,3. Moderately clear and vivid,3. Moderately clear and vivid,2. Vague and dim,3. Moderately clear and vivid,3. Moderately clear and vivid,3. Moderately clear and vivid,3. Moderately clear and vivid,3. Moderately clear and vivid,3. Moderately clear and vivid,3. Moderately clear and vivid,3. Moderately clear and vivid,3. Moderately clear and vivid,3. Moderately clear and vivid,3. Moderately clear and vivid
R_7Y5oIYgYMSPPwIa,,,,cherries ,,,,,,,,,,,,,,icecream cone,not sure,,,fish,,,,,book,,stool,fish,speaker,,,,,,clover,,,,,,weather vane,fan,,,,tee,,,plant,,sailboat ,,,,,,,house,5. Perfectly clear and as vivid as normal vision,4. Clear and reasonably vivid,4. Clear and reasonably vivid,2. Vague and dim,4. Clear and reasonably vivid,3. Moderately clear and vivid,4. Clear and reasonably vivid,3. Moderately clear and vivid,4. Clear and reasonably vivid,3. Moderately clear and vivid,4. Clear and reasonably vivid,3. Moderately clear and vivid,3. Moderately clear and vivid,3. Moderately clear and vivid,2. Vague and dim,3. Moderately clear and vivid
R_3Jd1uTp9gkuwtOx,,,,,,,,,,,,,,,,,Paris,Shape ,,Bun,,,,,,,Square ,,House ,,,,Stake ,,,,,,,,Point ,,,,Clock ,,,,,,Square ,Cross ,,concave,,Pie chart,Hourglass ,,Angle ,House ,2. Vague and dim,3. Moderately clear and vivid,2. Vague and dim,2. Vague and dim,3. Moderately clear and vivid,4. Clear and reasonably vivid,3. Moderately clear and vivid,3. Moderately clear and vivid,4. Clear and reasonably vivid,4. Clear and reasonably vivid,4. Clear and reasonably vivid,4. Clear and reasonably vivid,3. Moderately clear and vivid,3. Moderately clear and vivid,2. Vague and dim,3. Moderately clear and vivid
R_1NOosR37pJud2UA,,,,,,,spear,,,,,,,nothing,hut,ice cream,,icecream cone,,,,,traffic stop ,,number 7,letter P,,,,,,,pan cover,,,,,,,,,window,,,,face,nothing ,,,,,,,,,,hourglass,,ship sail,hut,4. Clear and reasonably vivid,4. Clear and reasonably vivid,2. Vague and dim,4. Clear and reasonably vivid,4. Clear and reasonably vivid,4. Clear and reasonably vivid,5. Perfectly clear and as vivid as normal vision,4. Clear and reasonably vivid,3. Moderately clear and vivid,2. Vague and dim,3. Moderately clear and vivid,2. Vague and dim,3. Moderately clear and vivid,4. Clear and reasonably vivid,5. Perfectly clear and as vivid as normal vision,4. Clear and reasonably vivid
R_16SaFYG3hG62QF3,,,,,letter D,,,,,,Rake,Umbrella,Mushroom,,,,,face,,Ant,,,,Chair,Letter C,Flag,,Glasses,,,,,,Face,,,,,,,,,cat,,,,,,,,Robot,,,Ant,,,,,,Hut,3. Moderately clear and vivid,4. Clear and reasonably vivid,2. Vague and dim,5. Perfectly clear and as vivid as normal vision,3. Moderately clear and vivid,3. Moderately clear and vivid,5. Perfectly clear and as vivid as normal vision,4. Clear and reasonably vivid,2. Vague and dim,3. Moderately clear and vivid,4. Clear and reasonably vivid,3. Moderately clear and vivid,3. Moderately clear and vivid,4. Clear and reasonably vivid,3. Moderately clear and vivid,2. Vague and dim
R_5Phftz7eKxQRBg1,ladder,,,glasses,,,,flower,,,,,martini glass,,house,,,,,,,,,,,,belt buckle,glasses,,,stick figure,martini glass,,,,,,,,point right,marker for going right,,,keychain,,,keychain,,,,,,,,,clock,,,,party hat,4. Clear and reasonably vivid,3. Moderately clear and vivid,3. Moderately clear and vivid,2. Vague and dim,3. Moderately clear and vivid,3. Moderately clear and vivid,3. Moderately clear and vivid,3. Moderately clear and vivid,4. Clear and reasonably vivid,4. Clear and reasonably vivid,3. Moderately clear and vivid,4. Clear and reasonably vivid,3. Moderately clear and vivid,2. Vague and dim,3. Moderately clear and vivid,3. Moderately clear and vivid
R_53qZezuj1Aowmel,ladder,comb ,,bra,,,,,,,,,,horseshoe,,,,music symbol ,music note,magnifying glass,,,,letter H ,,arrow,letter W,,,,,,,,tree,,,,,,road,,,,,,,,,,,star,,,,sign,,,,roof,4. Clear and reasonably vivid,3. Moderately clear and vivid,2. Vague and dim,4. Clear and reasonably vivid,3. Moderately clear and vivid,4. Clear and reasonably vivid,5. Perfectly clear and as vivid as normal vision,2. Vague and dim,2. Vague and dim,2. Vague and dim,3. Moderately clear and vivid,3. Moderately clear and vivid,3. Moderately clear and vivid,4. Clear and reasonably vivid,3. Moderately clear and vivid,2. Vague and dim
R_5hxwR1AIkCiK5YQ,,hash,,eyeglasses,,eyeglasses,,,,,harmer,circle,,,,,Spade,Catapult,,,,,,,,,,,,,,,,,beak,,,,,,,,spoon,,,,,I dont know,,,,Hammer,spade,,,,not equal,Umbrella,,television,5. Perfectly clear and as vivid as normal vision,5. Perfectly clear and as vivid as normal vision,5. Perfectly clear and as vivid as normal vision,5. Perfectly clear and as vivid as normal vision,5. Perfectly clear and as vivid as normal vision,5. Perfectly clear and as vivid as normal vision,5. Perfectly clear and as vivid as normal vision,5. Perfectly clear and as vivid as normal vision,5. Perfectly clear and as vivid as normal vision,5. Perfectly clear and as vivid as normal vision,5. Perfectly clear and as vivid as normal vision,5. Perfectly clear and as vivid as normal vision,5. Perfectly clear and as vivid as normal vision,5. Perfectly clear and as vivid as normal vision,5. Perfectly clear and as vivid as normal vision,5. Perfectly clear and as vivid as normal vision
R_7jrDLd1FIMqRkxj,,,,ant,,,,,butterfly,,,,,,trapezium,,,,,,,,dollar sign,,,,X,,,,,,,,scissors,,,Ice cream ,bucket,,cup,,,OVAL,,,,,love,,TV,,,music clef,,,,umbrella,,trapezium,4. Clear and reasonably vivid,4. Clear and reasonably vivid,2. Vague and dim,5. Perfectly clear and as vivid as normal vision,4. Clear and reasonably vivid,5. Perfectly clear and as vivid as normal vision,2. Vague and dim,4. Clear and reasonably vivid,4. Clear and reasonably vivid,2. Vague and dim,5. Perfectly clear and as vivid as normal vision,4. Clear and reasonably vivid,4. Clear and reasonably vivid,5. Perfectly clear and as vivid as normal vision,4. Clear and reasonably vivid,2. Vague and dim
R_5fIoIo9ELuQ1U1M,,,,,,,,,Butterfly,,,,Half circle,,,cube,,Pie,Sphere,,,,,Straight line,,,,eyeglasses,,,Circle,,,,berry,,,,Ice cream,,,,,,Clock,,,,Love,Doll,,,,,,,,Radius,,Trapezium ,5. Perfectly clear and as vivid as normal vision,2. Vague and dim,"1. No image at all, you only 'know' that you are thinking of the object",2. Vague and dim,4. Clear and reasonably vivid,3. Moderately clear and vivid,2. Vague and dim,5. Perfectly clear and as vivid as normal vision,5. Perfectly clear and as vivid as normal vision,4. Clear and reasonably vivid,3. Moderately clear and vivid,4. Clear and reasonably vivid,4. Clear and reasonably vivid,3. Moderately clear and vivid,"1. No image at all, you only 'know' that you are thinking of the object",2. Vague and dim
R_35MZhXTsEy0Q8Ct,ladder,,,glasses,bra,glasses,,,,,,,,,,,,,,,person,,,,,,,glasses,,,,scarecrow,,glasses on nose,,arrow,,ice cream scoops on a cone,ice cream scoops in a cone,,turtle,,,ladybug,,,,,,,,,,,coat rack,,,,,tv,5. Perfectly clear and as vivid as normal vision,5. Perfectly clear and as vivid as normal vision,4. Clear and reasonably vivid,5. Perfectly clear and as vivid as normal vision,4. Clear and reasonably vivid,"1. No image at all, you only 'know' that you are thinking of the object",2. Vague and dim,4. Clear and reasonably vivid,5. Perfectly clear and as vivid as normal vision,5. Perfectly clear and as vivid as normal vision,5. Perfectly clear and as vivid as normal vision,5. Perfectly clear and as vivid as normal vision,3. Moderately clear and vivid,4. Clear and reasonably vivid,3. Moderately clear and vivid,"1. No image at all, you only 'know' that you are thinking of the object"
R_6P7TbV4CF3UQq2I,,,,,,Circle ,,,,,,House,sign,,House,,,,,,,Boat,,,,,Box,plus sign,,,Arrow,,,man,,,Na,,,,,,Swing,,,,Crosshair,,,,,Cross,Boat,,,,,,,Tv,4. Clear and reasonably vivid,3. Moderately clear and vivid,2. Vague and dim,3. Moderately clear and vivid,2. Vague and dim,2. Vague and dim,2. Vague and dim,"1. No image at all, you only 'know' that you are thinking of the object",3. Moderately clear and vivid,3. Moderately clear and vivid,2. Vague and dim,3. Moderately clear and vivid,3. Moderately clear and vivid,3. Moderately clear and vivid,4. Clear and reasonably vivid,2. Vague and dim
R_5IME3bnJF5C8vPK,ladder,,,,,,,,,kanji,,,,car,,,,,oval,,,rectangle,circle,,,,,,,,,,bell,,face,triangle,,,,,,square,,,,,,,,,,letter F,,key,,diagram,,umbrella,arrow,,2. Vague and dim,3. Moderately clear and vivid,"1. No image at all, you only 'know' that you are thinking of the object","1. No image at all, you only 'know' that you are thinking of the object",2. Vague and dim,"1. No image at all, you only 'know' that you are thinking of the object","1. No image at all, you only 'know' that you are thinking of the object",2. Vague and dim,2. Vague and dim,"1. No image at all, you only 'know' that you are thinking of the object",2. Vague and dim,"1. No image at all, you only 'know' that you are thinking of the object","1. No image at all, you only 'know' that you are thinking of the object","1. No image at all, you only 'know' that you are thinking of the object","1. No image at all, you only 'know' that you are thinking of the object","1. No image at all, you only 'know' that you are thinking of the object"
R_7D6TWTVSx8Nbnl3,,NOT SURE,,GLASSES,GLASSES,,,,BUTTERFLY,FORK,,,,,,,,,,PERSON,,,FLOWER,,,,,,,,PERSON,,SHOVEL,BOW,,,,,Ice cream ,,,,,,,,,,,,RADIO,,number 6,,,,hourglass,,ARROW,,4. Clear and reasonably vivid,5. Perfectly clear and as vivid as normal vision,5. Perfectly clear and as vivid as normal vision,5. Perfectly clear and as vivid as normal vision,5. Perfectly clear and as vivid as normal vision,5. Perfectly clear and as vivid as normal vision,5. Perfectly clear and as vivid as normal vision,5. Perfectly clear and as vivid as normal vision,5. Perfectly clear and as vivid as normal vision,5. Perfectly clear and as vivid as normal vision,5. Perfectly clear and as vivid as normal vision,5. Perfectly clear and as vivid as normal vision,5. Perfectly clear and as vivid as normal vision,4. Clear and reasonably vivid,5. Perfectly clear and as vivid as normal vision,4. Clear and reasonably vivid
R_3zpB5H3IbG7VP2T,,,,hummer,,,,,,Rake,two squares,,,,,,parachute,,,Vessel,,,Kite,Letter H,bed,,,,,,,,,,,roof shape,,fruit basket,,pouch,chair,,,,,,,,,,,,,g clef,,,Rectangle with four triangles inside ,,arrow,,5. Perfectly clear and as vivid as normal vision,4. Clear and reasonably vivid,4. Clear and reasonably vivid,3. Moderately clear and vivid,5. Perfectly clear and as vivid as normal vision,5. Perfectly clear and as vivid as normal vision,3. Moderately clear and vivid,2. Vague and dim,5. Perfectly clear and as vivid as normal vision,5. Perfectly clear and as vivid as normal vision,5. Perfectly clear and as vivid as normal vision,5. Perfectly clear and as vivid as normal vision,4. Clear and reasonably vivid,4. Clear and reasonably vivid,4. Clear and reasonably vivid,3. Moderately clear and vivid
R_7urH6KcIAcTkWCB,ladder,,,,,,,butterfly,,,,,church,,,,,,,woman,person,,Lollipop,,,flag,,,,,,,spade,scissors,,,,Flower,,,,,,,,,mountain,,mountain,,,,,,wine glass,clock,,,Arrow,,4. Clear and reasonably vivid,5. Perfectly clear and as vivid as normal vision,5. Perfectly clear and as vivid as normal vision,4. Clear and reasonably vivid,5. Perfectly clear and as vivid as normal vision,4. Clear and reasonably vivid,4. Clear and reasonably vivid,5. Perfectly clear and as vivid as normal vision,4. Clear and reasonably vivid,4. Clear and reasonably vivid,5. Perfectly clear and as vivid as normal vision,5. Perfectly clear and as vivid as normal vision,4. Clear and reasonably vivid,5. Perfectly clear and as vivid as normal vision,5. Perfectly clear and as vivid as normal vision,3. Moderately clear and vivid
R_1mczKBtg2GsAMRr,Train track,,,,,,,,ant ,,,cup,,,,,,,,,,,,,chair,triangle,,glasses,,,,penis,shovel,,face,,balloons,,,,,,,,Clock,,Mouse,,,,tv,,,,,eyeball,,,Arrow,,5. Perfectly clear and as vivid as normal vision,5. Perfectly clear and as vivid as normal vision,5. Perfectly clear and as vivid as normal vision,5. Perfectly clear and as vivid as normal vision,5. Perfectly clear and as vivid as normal vision,5. Perfectly clear and as vivid as normal vision,5. Perfectly clear and as vivid as normal vision,5. Perfectly clear and as vivid as normal vision,5. Perfectly clear and as vivid as normal vision,5. Perfectly clear and as vivid as normal vision,5. Perfectly clear and as vivid as normal vision,5. Perfectly clear and as vivid as normal vision,5. Perfectly clear and as vivid as normal vision,5. Perfectly clear and as vivid as normal vision,5. Perfectly clear and as vivid as normal vision,5. Perfectly clear and as vivid as normal vision
R_3VJvcRXM4mhNG0x,,,,,,,tree,,butterfly,,,,wine glass,,,,,,,,head and shoulders,,,,chair,,,eyeglasses,,,,,,,,chickenfoot,3 leaf clover,,,,,window,,,clock,lightbulb,,,heart,stickfigure person,,,,music note,,,,,beach umbrella,,4. Clear and reasonably vivid,4. Clear and reasonably vivid,3. Moderately clear and vivid,3. Moderately clear and vivid,3. Moderately clear and vivid,3. Moderately clear and vivid,3. Moderately clear and vivid,4. Clear and reasonably vivid,3. Moderately clear and vivid,2. Vague and dim,2. Vague and dim,2. Vague and dim,4. Clear and reasonably vivid,4. Clear and reasonably vivid,4. Clear and reasonably vivid,4. Clear and reasonably vivid
R_5iOMXXK1u9zcmXQ,ladder,unidentified,,eyeglass,,,tent,butterfly,,Trident,,,,,,,,,,,,cone,,,,,,,,,person,Wine glass,,,,,,,Ice cream,cup,,,,,logo,,,,,,,,,,,,hourglass,umbrella,canopy,,3. Moderately clear and vivid,2. Vague and dim,3. Moderately clear and vivid,2. Vague and dim,4. Clear and reasonably vivid,3. Moderately clear and vivid,4. Clear and reasonably vivid,4. Clear and reasonably vivid,5. Perfectly clear and as vivid as normal vision,3. Moderately clear and vivid,4. Clear and reasonably vivid,5. Perfectly clear and as vivid as normal vision,3. Moderately clear and vivid,5. Perfectly clear and as vivid as normal vision,4. Clear and reasonably vivid,4. Clear and reasonably vivid
R_67re1CUSK65lHix,door knob,number 10,,,,,arrow,,,,stairs,,dustpan,,,,,,,,,,,,letter F,,,,,,,,,,bicycle,,circled triangle,,,traffic light,,window,,,LG symbol,,bridge,,,,television,,,,,,heavy lift,,chimney,,5. Perfectly clear and as vivid as normal vision,5. Perfectly clear and as vivid as normal vision,5. Perfectly clear and as vivid as normal vision,5. Perfectly clear and as vivid as normal vision,5. Perfectly clear and as vivid as normal vision,5. Perfectly clear and as vivid as normal vision,5. Perfectly clear and as vivid as normal vision,5. Perfectly clear and as vivid as normal vision,5. Perfectly clear and as vivid as normal vision,5. Perfectly clear and as vivid as normal vision,5. Perfectly clear and as vivid as normal vision,5. Perfectly clear and as vivid as normal vision,5. Perfectly clear and as vivid as normal vision,5. Perfectly clear and as vivid as normal vision,5. Perfectly clear and as vivid as normal vision,5. Perfectly clear and as vivid as normal vision
R_1PR4qXLMAceGiOt,,,,,Minor Note,Goal Post,,,,Numeral Three,Basket,,,Music Note,,,,Speed Bump,Steam ,,Crane,,,Square,,,Rectangle,,,,,,,,,,,,,,,,Hook,,,,,,,Female Logo,,,,,,,Spring,Umbrella,house,,3. Moderately clear and vivid,3. Moderately clear and vivid,2. Vague and dim,4. Clear and reasonably vivid,4. Clear and reasonably vivid,5. Perfectly clear and as vivid as normal vision,3. Moderately clear and vivid,3. Moderately clear and vivid,3. Moderately clear and vivid,2. Vague and dim,2. Vague and dim,3. Moderately clear and vivid,2. Vague and dim,3. Moderately clear and vivid,3. Moderately clear and vivid,2. Vague and dim
R_7ikqRNbiqOG98sh,,,,,,,arrow,,,unsure,,,,,square with a diamond in the middle,,,unsure,unsure,,,,,,bed,,,,,,,,,,bow tie,,,,,,,,unsure,,face with a nose,,unsure,,,slingshot upside down,,plus sign ,lightening bolt,,,,hourglass,,house,,4. Clear and reasonably vivid,4. Clear and reasonably vivid,"1. No image at all, you only 'know' that you are thinking of the object","1. No image at all, you only 'know' that you are thinking of the object",5. Perfectly clear and as vivid as normal vision,"1. No image at all, you only 'know' that you are thinking of the object","1. No image at all, you only 'know' that you are thinking of the object",5. Perfectly clear and as vivid as normal vision,"1. No image at all, you only 'know' that you are thinking of the object",4. Clear and reasonably vivid,4. Clear and reasonably vivid,4. Clear and reasonably vivid,4. Clear and reasonably vivid,4. Clear and reasonably vivid,4. Clear and reasonably vivid,4. Clear and reasonably vivid
R_3zjUkGkE3FsX1RL,,Ladder,,,,,,,Butterfly,Fork,,,,,,Ice cream,,Martini,,Sunrise,,Fish,,Horse,,,,,,Drill,,,Stick,,,,,,,,,,,Butterfly,,,,,,,,,Sailboat,Brush,Tree,,,,House,,3. Moderately clear and vivid,2. Vague and dim,"1. No image at all, you only 'know' that you are thinking of the object",3. Moderately clear and vivid,4. Clear and reasonably vivid,4. Clear and reasonably vivid,4. Clear and reasonably vivid,4. Clear and reasonably vivid,3. Moderately clear and vivid,2. Vague and dim,3. Moderately clear and vivid,3. Moderately clear and vivid,3. Moderately clear and vivid,4. Clear and reasonably vivid,4. Clear and reasonably vivid,3. Moderately clear and vivid
R_5dnySa1ce8EsOdt,,,,,,,Christmas Tree,Butterfly,,Pitchfork,,,Umbrella,,House,,,Incomplete heart,,,,Flag,,,,,Door,,,Arrow,,,,,,Bird feet,,,,,Mug,Lined square,,,,,Pill,,,Standing lamp,,,,,,,,,House,,4. Clear and reasonably vivid,3. Moderately clear and vivid,2. Vague and dim,3. Moderately clear and vivid,3. Moderately clear and vivid,3. Moderately clear and vivid,4. Clear and reasonably vivid,2. Vague and dim,3. Moderately clear and vivid,3. Moderately clear and vivid,2. Vague and dim,3. Moderately clear and vivid,2. Vague and dim,3. Moderately clear and vivid,3. Moderately clear and vivid,3. Moderately clear and vivid
R_6VQHLZ7aMXrAeuc,Ladder,,,,Chair,Shades,,,,Comb,,,,,,Volcano ,,Pencil,,,,Icecream cone,Stop sign,,,,,Glasses,Fish,Boat,,,,,,,Tree,,,,Mailbox,,,,,,,,Pizza,,,,,,,,,,House,,4. Clear and reasonably vivid,4. Clear and reasonably vivid,4. Clear and reasonably vivid,3. Moderately clear and vivid,4. Clear and reasonably vivid,4. Clear and reasonably vivid,4. Clear and reasonably vivid,4. Clear and reasonably vivid,4. Clear and reasonably vivid,5. Perfectly clear and as vivid as normal vision,4. Clear and reasonably vivid,4. Clear and reasonably vivid,4. Clear and reasonably vivid,4. Clear and reasonably vivid,4. Clear and reasonably vivid,4. Clear and reasonably vivid
R_7AWa8yqYLHwffXz,,,,,,,tetrahedron,butterfly ,butterfly ,square ,,semicircle ,pentgon,,square ,,,parabola ,,,,,,,,,rectangle ,cylinder ,,,,,,,cone,,,,,,heart,,,infinity symbol,,,,,,,,,,,,,,umbrella ,rhombus ,,3. Moderately clear and vivid,2. Vague and dim,3. Moderately clear and vivid,2. Vague and dim,3. Moderately clear and vivid,4. Clear and reasonably vivid,2. Vague and dim,4. Clear and reasonably vivid,4. Clear and reasonably vivid,4. Clear and reasonably vivid,4. Clear and reasonably vivid,5. Perfectly clear and as vivid as normal vision,2. Vague and dim,5. Perfectly clear and as vivid as normal vision,5. Perfectly clear and as vivid as normal vision,3. Moderately clear and vivid
R_3fZQKPrA5XxeCM0,,,umbrella,,vase,,,,,,,,,,,,necklace,,,flower pot,,,,,,,,,,person,,,,bow,,,,cone,,box ear,,,pie chain,,,,cross circle,,heart,,,,sailboat,,wine glass,,hourglass,,christmas tree,,4. Clear and reasonably vivid,4. Clear and reasonably vivid,4. Clear and reasonably vivid,3. Moderately clear and vivid,4. Clear and reasonably vivid,4. Clear and reasonably vivid,3. Moderately clear and vivid,4. Clear and reasonably vivid,3. Moderately clear and vivid,3. Moderately clear and vivid,3. Moderately clear and vivid,4. Clear and reasonably vivid,4. Clear and reasonably vivid,3. Moderately clear and vivid,4. Clear and reasonably vivid,4. Clear and reasonably vivid
R_6G88HMPnMd2CyLe,,,,,,,,Butterfly,,,pitchfork,,,,,,,,butterfly,,,,,chair,chair,,,,,,,wine glass,,,,,,ice cream cone,dragon fly,,,window,so,,,,computer mouse ,,M triangle,stickman,,,,,,,two triangles ,,christmas tree,,2. Vague and dim,2. Vague and dim,2. Vague and dim,2. Vague and dim,2. Vague and dim,2. Vague and dim,2. Vague and dim,2. Vague and dim,"1. No image at all, you only 'know' that you are thinking of the object",2. Vague and dim,"1. No image at all, you only 'know' that you are thinking of the object","1. No image at all, you only 'know' that you are thinking of the object",2. Vague and dim,2. Vague and dim,2. Vague and dim,2. Vague and dim
R_7iwHIm3XZH8niBo,,ladder,,,,,,,,pitchfork,,,,,,ice cream,,,,,,,,,,flag,,,spade,,,,shovel,,cloudy mountain,bird footprint,,,,,,,corkscrew,,clock,medal,,,,,,letter F,,key,yield sign,,,,planted tree,,4. Clear and reasonably vivid,3. Moderately clear and vivid,3. Moderately clear and vivid,5. Perfectly clear and as vivid as normal vision,4. Clear and reasonably vivid,4. Clear and reasonably vivid,3. Moderately clear and vivid,4. Clear and reasonably vivid,4. Clear and reasonably vivid,4. Clear and reasonably vivid,3. Moderately clear and vivid,3. Moderately clear and vivid,5. Perfectly clear and as vivid as normal vision,5. Perfectly clear and as vivid as normal vision,5. Perfectly clear and as vivid as normal vision,4. Clear and reasonably vivid
R_3qK9HL1UIzK92MG,,,,,glasses,,,butterfly,,,goal post,,,,,,,,jellyfish,,,,,,,Flag,,,beach umbrella,,,Wine glass,cupcake,,,,Cherries,ice cream cone,,Clock,,,,apple,,,,,,,,,sailboat,music note,,,,,Tree,,3. Moderately clear and vivid,4. Clear and reasonably vivid,3. Moderately clear and vivid,4. Clear and reasonably vivid,3. Moderately clear and vivid,3. Moderately clear and vivid,4. Clear and reasonably vivid,3. Moderately clear and vivid,3. Moderately clear and vivid,"1. No image at all, you only 'know' that you are thinking of the object",3. Moderately clear and vivid,4. Clear and reasonably vivid,2. Vague and dim,3. Moderately clear and vivid,3. Moderately clear and vivid,3. Moderately clear and vivid
R_616NzOp9CQR5coo,,,,I couldn't imagine the shape,,,,,,fork,,shovel,,,,,,,,,,,,letter N,triangle,triangle,2 square stacked into each other,face with eyes,shovel,,,,,,bow tie,,,,,bucket,,,,,,I couldn't imagine anything,,letter X,,,,I couldn't imagine the shape at all,,,,,,,Tree,,3. Moderately clear and vivid,3. Moderately clear and vivid,2. Vague and dim,4. Clear and reasonably vivid,4. Clear and reasonably vivid,4. Clear and reasonably vivid,3. Moderately clear and vivid,4. Clear and reasonably vivid,4. Clear and reasonably vivid,4. Clear and reasonably vivid,"1. No image at all, you only 'know' that you are thinking of the object",5. Perfectly clear and as vivid as normal vision,3. Moderately clear and vivid,2. Vague and dim,3. Moderately clear and vivid,"1. No image at all, you only 'know' that you are thinking of the object"
R_6v6cp0SNipCZJqV,,ladder,,,,,,,,pitchfork,,,,,,cone,cone,cone,wang jangle,person,,triangle circle,,,,flag,thingy,,,wing ding,,,,,,,,,,,,,,,lefty,,circular shrug,,,,,letter F,,,,,,,tree,,5. Perfectly clear and as vivid as normal vision,4. Clear and reasonably vivid,4. Clear and reasonably vivid,3. Moderately clear and vivid,3. Moderately clear and vivid,4. Clear and reasonably vivid,3. Moderately clear and vivid,4. Clear and reasonably vivid,4. Clear and reasonably vivid,3. Moderately clear and vivid,3. Moderately clear and vivid,3. Moderately clear and vivid,4. Clear and reasonably vivid,4. Clear and reasonably vivid,4. Clear and reasonably vivid,3. Moderately clear and vivid
R_3Wu3EGpCFW6Qbuk,,,female torso,,,,arrow,,,,,,martini glass,,house,,,,,,circle atop,,,,,carat stem,,,,,,martini glass,,,,,,,,rectangle bulge,square bulge,vertical rectangles,,,,,,,,stick figure,TV,,,,martini glass,,stacked triangles,,triangle atop,,4. Clear and reasonably vivid,4. Clear and reasonably vivid,4. Clear and reasonably vivid,4. Clear and reasonably vivid,4. Clear and reasonably vivid,4. Clear and reasonably vivid,4. Clear and reasonably vivid,4. Clear and reasonably vivid,4. Clear and reasonably vivid,4. Clear and reasonably vivid,4. Clear and reasonably vivid,4. Clear and reasonably vivid,4. Clear and reasonably vivid,4. Clear and reasonably vivid,4. Clear and reasonably vivid,4. Clear and reasonably vivid
R_7rGSNqpHRRXGZWh,,two attached triangles,poll,,,,,,,two open attached triangles,,,,semi-circle,,,,van,,,,,,Letter H,,triangle attached to a straight line,rectangle,,,,,nine,semicircle,,,tree diagram,,,,,trapezium,,,,,,,,,,weighing balance,,,,,,concave quadrilateral,letter g,,,5. Perfectly clear and as vivid as normal vision,4. Clear and reasonably vivid,4. Clear and reasonably vivid,3. Moderately clear and vivid,4. Clear and reasonably vivid,4. Clear and reasonably vivid,3. Moderately clear and vivid,4. Clear and reasonably vivid,5. Perfectly clear and as vivid as normal vision,5. Perfectly clear and as vivid as normal vision,5. Perfectly clear and as vivid as normal vision,4. Clear and reasonably vivid,4. Clear and reasonably vivid,4. Clear and reasonably vivid,3. Moderately clear and vivid,3. Moderately clear and vivid
R_7U2V9B5aP4N5bKp,,H,bd ,,bd,Infinity sign,,Butterfly,,,,,,,,,Head,,,,,,,,,,,Lollipops,,HE,,tree,,,,,,Ice cream cone,,Unsure,,,,Elephant ears,Circle,,,,,,,,,,,V in circle,,letter g,,,3. Moderately clear and vivid,3. Moderately clear and vivid,2. Vague and dim,3. Moderately clear and vivid,3. Moderately clear and vivid,3. Moderately clear and vivid,3. Moderately clear and vivid,3. Moderately clear and vivid,3. Moderately clear and vivid,3. Moderately clear and vivid,3. Moderately clear and vivid,3. Moderately clear and vivid,3. Moderately clear and vivid,3. Moderately clear and vivid,3. Moderately clear and vivid,3. Moderately clear and vivid
R_6NaHI4FRAJFo4fZ,,,,,,,,,,,bug crawling,umbrella,,,,,,,,,,,Yinyang Medallion,,Lower H,,,,,,Sun Horizon,,Upsidedown Umbrella,,face,,animal,,,,,Small Rectangles,,,,Chinese Character,,Drawn Bow,,,,,sailboat,Music Note,,,Small Peaks,Motor Boat,,,5. Perfectly clear and as vivid as normal vision,5. Perfectly clear and as vivid as normal vision,4. Clear and reasonably vivid,5. Perfectly clear and as vivid as normal vision,5. Perfectly clear and as vivid as normal vision,4. Clear and reasonably vivid,4. Clear and reasonably vivid,5. Perfectly clear and as vivid as normal vision,5. Perfectly clear and as vivid as normal vision,5. Perfectly clear and as vivid as normal vision,4. Clear and reasonably vivid,4. Clear and reasonably vivid,5. Perfectly clear and as vivid as normal vision,4. Clear and reasonably vivid,5. Perfectly clear and as vivid as normal vision,4. Clear and reasonably vivid
R_3fkIyfPjf94dl8o,,,dried,,db,,wow,,,EI,,Dried,,Study,,,,,,,,,Pool,,,,,,,,WMO,,,,,,,,,,,,,,,Bride,,,Triangle,mirror,,cross,,Fed,,circle,,Song,,,4. Clear and reasonably vivid,4. Clear and reasonably vivid,4. Clear and reasonably vivid,4. Clear and reasonably vivid,2. Vague and dim,3. Moderately clear and vivid,3. Moderately clear and vivid,4. Clear and reasonably vivid,4. Clear and reasonably vivid,4. Clear and reasonably vivid,5. Perfectly clear and as vivid as normal vision,5. Perfectly clear and as vivid as normal vision,5. Perfectly clear and as vivid as normal vision,5. Perfectly clear and as vivid as normal vision,4. Clear and reasonably vivid,5. Perfectly clear and as vivid as normal vision
R_7onYeAhpKiYWobL,,,hook,,Glasses,,,,,,,,,,,,,Cone,,Trophy,Bulb,Math symbol,Lollipop ,Thread holder,,,,,,,,,,Owl face,,,,Ice cream ,Hourglass,,,,,,,,,,Antennae ,,Satellite dish,,,,,,Electric symbol,Umbrella,,,3. Moderately clear and vivid,2. Vague and dim,2. Vague and dim,"1. No image at all, you only 'know' that you are thinking of the object",4. Clear and reasonably vivid,3. Moderately clear and vivid,3. Moderately clear and vivid,3. Moderately clear and vivid,3. Moderately clear and vivid,3. Moderately clear and vivid,4. Clear and reasonably vivid,4. Clear and reasonably vivid,2. Vague and dim,2. Vague and dim,2. Vague and dim,2. Vague and dim
R_1mbwAksBbHkjRxT,ladder,,,,scissors,,,circle,,,,,Wine glass,,,,,cone,,person,Ear,,lollipop,,,,,,,,,,,Face,,tripod,balloon,,,,,,,,,,ball,,,,Television,,,,,,hourglass,Umbrella,,,5. Perfectly clear and as vivid as normal vision,4. Clear and reasonably vivid,2. Vague and dim,4. Clear and reasonably vivid,5. Perfectly clear and as vivid as normal vision,5. Perfectly clear and as vivid as normal vision,4. Clear and reasonably vivid,5. Perfectly clear and as vivid as normal vision,3. Moderately clear and vivid,4. Clear and reasonably vivid,3. Moderately clear and vivid,3. Moderately clear and vivid,2. Vague and dim,2. Vague and dim,3. Moderately clear and vivid,2. Vague and dim
R_1riWAwAgFR9OYj9,,,,,,,,butterfly,,,,downward umbrella,chalice,owl,,,snowcone,,,Human Profile,,horn,,,,flag,,,,shovel,,,,,,,,,,,,window,,,,,,letter T,,,tv,,,music note,,beats symbol,,umbrella,,,5. Perfectly clear and as vivid as normal vision,3. Moderately clear and vivid,"1. No image at all, you only 'know' that you are thinking of the object",3. Moderately clear and vivid,5. Perfectly clear and as vivid as normal vision,5. Perfectly clear and as vivid as normal vision,4. Clear and reasonably vivid,4. Clear and reasonably vivid,3. Moderately clear and vivid,"1. No image at all, you only 'know' that you are thinking of the object",4. Clear and reasonably vivid,5. Perfectly clear and as vivid as normal vision,3. Moderately clear and vivid,5. Perfectly clear and as vivid as normal vision,5. Perfectly clear and as vivid as normal vision,4. Clear and reasonably vivid
R_71C2kK0ya2WVTj3,tower,,,,,,,long diamond,,,,,,Huge circle,,,house roof,,,,,cone and face,,,Fallen tree,,,circle,,,,,,,,,Race track,Venn diagram,,House,,,,Semicircle,balloon,,,,,,,Square rotated,,,,circle,,Umbrella,,,5. Perfectly clear and as vivid as normal vision,4. Clear and reasonably vivid,4. Clear and reasonably vivid,4. Clear and reasonably vivid,5. Perfectly clear and as vivid as normal vision,4. Clear and reasonably vivid,4. Clear and reasonably vivid,4. Clear and reasonably vivid,4. Clear and reasonably vivid,5. Perfectly clear and as vivid as normal vision,5. Perfectly clear and as vivid as normal vision,5. Perfectly clear and as vivid as normal vision,5. Perfectly clear and as vivid as normal vision,5. Perfectly clear and as vivid as normal vision,5. Perfectly clear and as vivid as normal vision,5. Perfectly clear and as vivid as normal vision
R_53wlqQMRl8RoPUR,,,doorway,,glasses,,,,,,,,shovel,horseshoe,,,,,,snowman,,,,,,flag,parking lot,glasses,shovel,basket,,,,bird,,,,,,,,,,,,lamp,,,,,,letter F,,,,clock,,umbrella,,,3. Moderately clear and vivid,2. Vague and dim,2. Vague and dim,3. Moderately clear and vivid,3. Moderately clear and vivid,5. Perfectly clear and as vivid as normal vision,3. Moderately clear and vivid,4. Clear and reasonably vivid,3. Moderately clear and vivid,3. Moderately clear and vivid,3. Moderately clear and vivid,3. Moderately clear and vivid,2. Vague and dim,4. Clear and reasonably vivid,4. Clear and reasonably vivid,3. Moderately clear and vivid
R_3hrNeSuAdYDCaL7,,,,,,,pair of arrows,,butterfly,A T with two small bars on the side,,buoy,,,,,,,,,,,,,chair,,,,,I don't kniw,,,,,face,,,,,,A box with a bump on the right,HI,,,,I'm not sure,balloon,,evil chibi face,,TV,,,,,clock,,umbrella,,,3. Moderately clear and vivid,3. Moderately clear and vivid,"1. No image at all, you only 'know' that you are thinking of the object",4. Clear and reasonably vivid,4. Clear and reasonably vivid,5. Perfectly clear and as vivid as normal vision,4. Clear and reasonably vivid,5. Perfectly clear and as vivid as normal vision,4. Clear and reasonably vivid,3. Moderately clear and vivid,3. Moderately clear and vivid,5. Perfectly clear and as vivid as normal vision,4. Clear and reasonably vivid,4. Clear and reasonably vivid,4. Clear and reasonably vivid,3. Moderately clear and vivid
R_6mXDO57GGpQM4Q8,ladder,,glasses,,glasses,,,butterfly,,,,,,alien,,,,ice cream,,,,,,,,flag,,,potted plant,,,wine glass,tank turret,,,,,,,,,window,,,,,,,heart,person,,,,,,clock,,umbrella,,,3. Moderately clear and vivid,2. Vague and dim,3. Moderately clear and vivid,4. Clear and reasonably vivid,4. Clear and reasonably vivid,3. Moderately clear and vivid,3. Moderately clear and vivid,4. Clear and reasonably vivid,4. Clear and reasonably vivid,3. Moderately clear and vivid,4. Clear and reasonably vivid,2. Vague and dim,5. Perfectly clear and as vivid as normal vision,5. Perfectly clear and as vivid as normal vision,4. Clear and reasonably vivid,5. Perfectly clear and as vivid as normal vision
R_3NDJv5Msv9mPkGK,ladder,,,,,,,,,,,,wine glass,headphones,house,,,,,,,fish,lollipop,chair,,flag,,,,,,,,,scissors,,,,,pitcher,,,,pocketwatch,,,,,heart,,,,sailboat,,martini glass,,,umbrella,,,3. Moderately clear and vivid,3. Moderately clear and vivid,2. Vague and dim,3. Moderately clear and vivid,4. Clear and reasonably vivid,4. Clear and reasonably vivid,3. Moderately clear and vivid,3. Moderately clear and vivid,3. Moderately clear and vivid,2. Vague and dim,3. Moderately clear and vivid,4. Clear and reasonably vivid,4. Clear and reasonably vivid,4. Clear and reasonably vivid,4. Clear and reasonably vivid,3. Moderately clear and vivid
R_3cl2IMba6u7Q2Nr,,,bra,,,,,,,,candelabra,chalice,,,house,sno-cone,,,,,,,balloon,,,,,,shovel,,,,dustpan,,,,,ice cream,ice cream,Unsure!,,,unicycle,,,,Kite,,,,,,,,martini glass,,,umbrella,,,3. Moderately clear and vivid,3. Moderately clear and vivid,2. Vague and dim,3. Moderately clear and vivid,4. Clear and reasonably vivid,4. Clear and reasonably vivid,3. Moderately clear and vivid,4. Clear and reasonably vivid,4. Clear and reasonably vivid,3. Moderately clear and vivid,4. Clear and reasonably vivid,4. Clear and reasonably vivid,4. Clear and reasonably vivid,4. Clear and reasonably vivid,5. Perfectly clear and as vivid as normal vision,4. Clear and reasonably vivid
R_6NWzqbX4O0AMjJv,,,cherries,,,glasses,,,,something?,,,wine glass,,,ice cream ,,ice cream,,person,,,,,,,door,,,fish bone,,,,,,,,ice cream,,,,window,,ink pencil,,,,,,,,capital F,,music note,,,,umbrella,,,3. Moderately clear and vivid,3. Moderately clear and vivid,3. Moderately clear and vivid,4. Clear and reasonably vivid,3. Moderately clear and vivid,4. Clear and reasonably vivid,4. Clear and reasonably vivid,4. Clear and reasonably vivid,4. Clear and reasonably vivid,3. Moderately clear and vivid,4. Clear and reasonably vivid,3. Moderately clear and vivid,2. Vague and dim,3. Moderately clear and vivid,3. Moderately clear and vivid,3. Moderately clear and vivid
R_5LqyB71r6ag7pal,,,cherry,,,,arrow,butterfly,butterfly,,goal post,,umbrella,,,icecream cone,,,,,,,,,,,,,,the letters HD,,,,,,,,triple scoop ice cream cone,,lock standing sideways,,,,hanger,a circled L,,Wings,,,,,,,music note,,,,umbrella,,,5. Perfectly clear and as vivid as normal vision,4. Clear and reasonably vivid,4. Clear and reasonably vivid,4. Clear and reasonably vivid,5. Perfectly clear and as vivid as normal vision,5. Perfectly clear and as vivid as normal vision,5. Perfectly clear and as vivid as normal vision,4. Clear and reasonably vivid,3. Moderately clear and vivid,4. Clear and reasonably vivid,4. Clear and reasonably vivid,3. Moderately clear and vivid,4. Clear and reasonably vivid,3. Moderately clear and vivid,4. Clear and reasonably vivid,4. Clear and reasonably vivid
R_7PodChoqtIWfEkN,ladder,,,,,batman mask,,,,,rake,,upended umbrella,,,icecream cone,,,nothing,,,,weathervane,,,,,,,,,,planted sapling,,,tripod,butterfly,,,,,,,,,,,letter T,,person,headstanding man,letter F,,,,,,umbrella,,,4. Clear and reasonably vivid,5. Perfectly clear and as vivid as normal vision,3. Moderately clear and vivid,2. Vague and dim,4. Clear and reasonably vivid,5. Perfectly clear and as vivid as normal vision,5. Perfectly clear and as vivid as normal vision,4. Clear and reasonably vivid,5. Perfectly clear and as vivid as normal vision,5. Perfectly clear and as vivid as normal vision,5. Perfectly clear and as vivid as normal vision,5. Perfectly clear and as vivid as normal vision,3. Moderately clear and vivid,4. Clear and reasonably vivid,2. Vague and dim,3. Moderately clear and vivid
R_1IbBFfixZh63O47,,,,,glasses,,,,,,,desk,,,,,goblet,drop hook,,snowman,pictogram,closed eye,,goal post,pole,,,,Anchor,,,,,,,slingshot handle,,,,,,table frame,,,circle,,,,,,,,arrow,,,,cross brace,,,,3. Moderately clear and vivid,2. Vague and dim,4. Clear and reasonably vivid,3. Moderately clear and vivid,4. Clear and reasonably vivid,5. Perfectly clear and as vivid as normal vision,3. Moderately clear and vivid,3. Moderately clear and vivid,4. Clear and reasonably vivid,2. Vague and dim,3. Moderately clear and vivid,3. Moderately clear and vivid,4. Clear and reasonably vivid,4. Clear and reasonably vivid,3. Moderately clear and vivid,3. Moderately clear and vivid
R_5DAIrNhtzGGUJgt,,,,,key,controller,,butterfly,,key,,,,,,,icecream cone,,,,,fish,,,,,,,,train,flower,lamp,,bow,,,,,,,,,,sword,,,,letter T,,,television,,sailboat,,,,hourglass,,,,4. Clear and reasonably vivid,4. Clear and reasonably vivid,4. Clear and reasonably vivid,4. Clear and reasonably vivid,3. Moderately clear and vivid,5. Perfectly clear and as vivid as normal vision,4. Clear and reasonably vivid,5. Perfectly clear and as vivid as normal vision,2. Vague and dim,2. Vague and dim,2. Vague and dim,2. Vague and dim,3. Moderately clear and vivid,3. Moderately clear and vivid,3. Moderately clear and vivid,3. Moderately clear and vivid
R_3gw89p3wacWQFRn,,,Fancy binoculars,Glasses,,Glasses,,,,Rake,,Butter Churner,,Headphones,,,,,,,,,,,,Flag,Ruler,,,,,,plunger,Binoculars,,,,,,,Water Pitcher,,,Computer Mouse,,,Yo-yo,,,,,,sailboat,,,,Hourglass,,,,5. Perfectly clear and as vivid as normal vision,5. Perfectly clear and as vivid as normal vision,5. Perfectly clear and as vivid as normal vision,5. Perfectly clear and as vivid as normal vision,5. Perfectly clear and as vivid as normal vision,5. Perfectly clear and as vivid as normal vision,5. Perfectly clear and as vivid as normal vision,5. Perfectly clear and as vivid as normal vision,5. Perfectly clear and as vivid as normal vision,5. Perfectly clear and as vivid as normal vision,5. Perfectly clear and as vivid as normal vision,5. Perfectly clear and as vivid as normal vision,5. Perfectly clear and as vivid as normal vision,5. Perfectly clear and as vivid as normal vision,5. Perfectly clear and as vivid as normal vision,5. Perfectly clear and as vivid as normal vision
R_57Jf15YvbX6JX9g,,,,,,glasses,,,butterfly,i dont know,,wine glass,,,house,,funnel,icecream cone,,,,,,,,flag pole,Door,,,,,,,,,,,,,coffee cup,,window,sucker,I have no idea,,,,,,,,,sailboat,,,,hourglass,,,,3. Moderately clear and vivid,3. Moderately clear and vivid,3. Moderately clear and vivid,3. Moderately clear and vivid,3. Moderately clear and vivid,3. Moderately clear and vivid,3. Moderately clear and vivid,3. Moderately clear and vivid,3. Moderately clear and vivid,3. Moderately clear and vivid,3. Moderately clear and vivid,4. Clear and reasonably vivid,3. Moderately clear and vivid,3. Moderately clear and vivid,3. Moderately clear and vivid,3. Moderately clear and vivid
R_6ieepBYwPOcVPZO,ladder,ladder,,,,,,bread,butterfly,,,,,,,,,,,,,,,,,,coconut,,,,,,,scissors,scissors,,flower,,ice cream,,mug,,,,,,,knife,,stick figure,,,,music note,wine glass,,hourglass ,,,,4. Clear and reasonably vivid,3. Moderately clear and vivid,5. Perfectly clear and as vivid as normal vision,5. Perfectly clear and as vivid as normal vision,5. Perfectly clear and as vivid as normal vision,5. Perfectly clear and as vivid as normal vision,4. Clear and reasonably vivid,5. Perfectly clear and as vivid as normal vision,5. Perfectly clear and as vivid as normal vision,3. Moderately clear and vivid,4. Clear and reasonably vivid,3. Moderately clear and vivid,3. Moderately clear and vivid,4. Clear and reasonably vivid,4. Clear and reasonably vivid,3. Moderately clear and vivid
R_6HnmuPESQ911bSs,Stacked H's,,,bd,,,,,,,,D on stilts,,Contained Ds,,,,,,,,,,,,broken arrow,,,Joined H D,,Staffed 'o',,,Infinity symbol,,,bow tie,"Stacked ""oov.",stacked symbol,,,H shape,Line-topped 'o'.,,,,,,,,,,,,,Half 'k' in circle,Rotated grid,,,,4. Clear and reasonably vivid,4. Clear and reasonably vivid,3. Moderately clear and vivid,4. Clear and reasonably vivid,4. Clear and reasonably vivid,3. Moderately clear and vivid,3. Moderately clear and vivid,4. Clear and reasonably vivid,3. Moderately clear and vivid,3. Moderately clear and vivid,4. Clear and reasonably vivid,4. Clear and reasonably vivid,4. Clear and reasonably vivid,3. Moderately clear and vivid,3. Moderately clear and vivid,4. Clear and reasonably vivid
R_7HiuT8KLZwyWhV9,,,broom,,two lungs,,arrow,,,,,,,,,,glass,water glass,,,,,superman logo,,table,,parallel lines,ribbon,,,,,,,,,boy,butterfly,butterfly,,,,,,,human face,,,,,television,,,,,,table,,,,3. Moderately clear and vivid,3. Moderately clear and vivid,3. Moderately clear and vivid,3. Moderately clear and vivid,4. Clear and reasonably vivid,4. Clear and reasonably vivid,4. Clear and reasonably vivid,4. Clear and reasonably vivid,2. Vague and dim,2. Vague and dim,2. Vague and dim,3. Moderately clear and vivid,2. Vague and dim,2. Vague and dim,2. Vague and dim,2. Vague and dim
R_30x9wSvmkEmbVoB,ladder ,Ladder,,,,,,,,,,,,,,,,,chess,,,,brain,,,,,sunglasses,,cross,,anchor,car,,,,flower,,,padlock,,,theta,,,heart ,,,,human sketch ,,,,,anchor ,clock,,,,,5. Perfectly clear and as vivid as normal vision,4. Clear and reasonably vivid,5. Perfectly clear and as vivid as normal vision,2. Vague and dim,3. Moderately clear and vivid,5. Perfectly clear and as vivid as normal vision,4. Clear and reasonably vivid,5. Perfectly clear and as vivid as normal vision,5. Perfectly clear and as vivid as normal vision,4. Clear and reasonably vivid,3. Moderately clear and vivid,5. Perfectly clear and as vivid as normal vision,3. Moderately clear and vivid,2. Vague and dim,4. Clear and reasonably vivid,5. Perfectly clear and as vivid as normal vision
R_1LjuLUT4Y6CYGNe,,ladder,,,,,,,,,,,,headphones,house,,ice cream,,fruit,,,horn,,,,,,,,,birthday hat,wine glass,,,,,,ice cream,,,,,,pumpkin,clock,,,,,Stick figure,,,sailboat,,martini glass,clock,,,,,"1. No image at all, you only 'know' that you are thinking of the object","1. No image at all, you only 'know' that you are thinking of the object","1. No image at all, you only 'know' that you are thinking of the object","1. No image at all, you only 'know' that you are thinking of the object","1. No image at all, you only 'know' that you are thinking of the object","1. No image at all, you only 'know' that you are thinking of the object","1. No image at all, you only 'know' that you are thinking of the object","1. No image at all, you only 'know' that you are thinking of the object","1. No image at all, you only 'know' that you are thinking of the object","1. No image at all, you only 'know' that you are thinking of the object","1. No image at all, you only 'know' that you are thinking of the object","1. No image at all, you only 'know' that you are thinking of the object","1. No image at all, you only 'know' that you are thinking of the object","1. No image at all, you only 'know' that you are thinking of the object","1. No image at all, you only 'know' that you are thinking of the object","1. No image at all, you only 'know' that you are thinking of the object"
R_5XBVD7OnUiSPYzv,ladder,,,eyeglasses,glasses,glasses,,,,,,wine glass,,,,,,,,,,,,,,,,,shovel,,,,,,,pitchfork,dragonfly,,,,,window,,,,muffin,,letter T,heart,,,letter F,sailboat,,,clock,,,,,4. Clear and reasonably vivid,4. Clear and reasonably vivid,3. Moderately clear and vivid,5. Perfectly clear and as vivid as normal vision,4. Clear and reasonably vivid,2. Vague and dim,4. Clear and reasonably vivid,5. Perfectly clear and as vivid as normal vision,3. Moderately clear and vivid,2. Vague and dim,3. Moderately clear and vivid,3. Moderately clear and vivid,3. Moderately clear and vivid,2. Vague and dim,3. Moderately clear and vivid,4. Clear and reasonably vivid
R_6PA4QEiXZDENKp1,ladder,,,music notes,,,arrow,butterfly,butterfly,,,,reverse buttplug,headphones,house,,,,,,,,,lowercase h,,,,,buttplug,,,,,bow,,,,,,,,,zooming ball,,,,,,,stick person,upside-down person,,,,,clock,,,,,2. Vague and dim,3. Moderately clear and vivid,2. Vague and dim,2. Vague and dim,4. Clear and reasonably vivid,3. Moderately clear and vivid,3. Moderately clear and vivid,3. Moderately clear and vivid,2. Vague and dim,4. Clear and reasonably vivid,4. Clear and reasonably vivid,3. Moderately clear and vivid,2. Vague and dim,2. Vague and dim,3. Moderately clear and vivid,2. Vague and dim
R_5fjcrirfMR1Dwul,,,,butterfly,,,,,butterfly ,,,,Scale,,cat,,,,,,,duck,,,,,,,bow and arrow ,,,,,,,,,,football player with shoulder pads,,,square,,pitchfork,,Prize Ribbon,computer mouse,,,,,plus sign ,turtle,treble clef,,down Arrow button,,,,,5. Perfectly clear and as vivid as normal vision,5. Perfectly clear and as vivid as normal vision,5. Perfectly clear and as vivid as normal vision,5. Perfectly clear and as vivid as normal vision,5. Perfectly clear and as vivid as normal vision,5. Perfectly clear and as vivid as normal vision,5. Perfectly clear and as vivid as normal vision,5. Perfectly clear and as vivid as normal vision,5. Perfectly clear and as vivid as normal vision,5. Perfectly clear and as vivid as normal vision,5. Perfectly clear and as vivid as normal vision,5. Perfectly clear and as vivid as normal vision,5. Perfectly clear and as vivid as normal vision,5. Perfectly clear and as vivid as normal vision,5. Perfectly clear and as vivid as normal vision,5. Perfectly clear and as vivid as normal vision
R_7IcV6n5DqSpqtcR,,sideways H,,two ds,,,umbrella,,,,,,,mushroom,,,,,,,pool,,,,backwards L,triangle,,glasses,top,,,martini glass,,,,,,,glasses and nose,,dog,,,,L inside of an O,no idea,,,,,,,,,,eye,,,,,5. Perfectly clear and as vivid as normal vision,5. Perfectly clear and as vivid as normal vision,5. Perfectly clear and as vivid as normal vision,5. Perfectly clear and as vivid as normal vision,5. Perfectly clear and as vivid as normal vision,5. Perfectly clear and as vivid as normal vision,5. Perfectly clear and as vivid as normal vision,5. Perfectly clear and as vivid as normal vision,5. Perfectly clear and as vivid as normal vision,5. Perfectly clear and as vivid as normal vision,5. Perfectly clear and as vivid as normal vision,5. Perfectly clear and as vivid as normal vision,5. Perfectly clear and as vivid as normal vision,5. Perfectly clear and as vivid as normal vision,5. Perfectly clear and as vivid as normal vision,5. Perfectly clear and as vivid as normal vision
R_6XoaIFqgUFLI7kJ,ladder,,,glasses,,,,butterfly,,,rake,,boat,,,,,,faucet,,,,,,bed,,,,,no idea,,,,bow,bow,,,flower bouquet,,mug,,,,,clock,,,,,,,letter E,,,,no idea,,,,,4. Clear and reasonably vivid,3. Moderately clear and vivid,3. Moderately clear and vivid,5. Perfectly clear and as vivid as normal vision,5. Perfectly clear and as vivid as normal vision,5. Perfectly clear and as vivid as normal vision,5. Perfectly clear and as vivid as normal vision,5. Perfectly clear and as vivid as normal vision,4. Clear and reasonably vivid,4. Clear and reasonably vivid,4. Clear and reasonably vivid,4. Clear and reasonably vivid,4. Clear and reasonably vivid,5. Perfectly clear and as vivid as normal vision,4. Clear and reasonably vivid,4. Clear and reasonably vivid
R_7JKsUnPA3jzjDRI,,,,,,snowman,,,,,,,,,,,,,Don't know,,,,,,,,,,road,box,,,key,,,,,smiley face,,,cup,window,,Don't know,,,not sure,,heart,,,triangle,sailboat,,arrow,pie chart,,,,,2. Vague and dim,2. Vague and dim,"1. No image at all, you only 'know' that you are thinking of the object",2. Vague and dim,3. Moderately clear and vivid,3. Moderately clear and vivid,3. Moderately clear and vivid,2. Vague and dim,3. Moderately clear and vivid,3. Moderately clear and vivid,3. Moderately clear and vivid,3. Moderately clear and vivid,3. Moderately clear and vivid,3. Moderately clear and vivid,3. Moderately clear and vivid,3. Moderately clear and vivid
R_1NxJpYzFJggITGm,,ladder,,,scissors,glasses,,,,letter A,,,,,,,,,,hill,,,,,letter T ,,plug,eyeglasses,,,bird,,,,cherries,,flower,,,,,,,,balloon,clover,,,,,,,,key,,sliced pie,,,,,3. Moderately clear and vivid,3. Moderately clear and vivid,3. Moderately clear and vivid,2. Vague and dim,4. Clear and reasonably vivid,3. Moderately clear and vivid,2. Vague and dim,3. Moderately clear and vivid,2. Vague and dim,2. Vague and dim,2. Vague and dim,3. Moderately clear and vivid,3. Moderately clear and vivid,3. Moderately clear and vivid,"1. No image at all, you only 'know' that you are thinking of the object","1. No image at all, you only 'know' that you are thinking of the object"
R_3rUW4R8o2RDWKZB,ladder,Ladder,,,,hourglass,arrow,,,Sideways E,,,,,,Icecream cone,icecream cone,,,,house,,,,,,,,,,stick figure,,Antenna,,,,flower,,,balcony,,,,head,,,,letter T,,,,,,,Arrow,,,,,,4. Clear and reasonably vivid,3. Moderately clear and vivid,3. Moderately clear and vivid,4. Clear and reasonably vivid,4. Clear and reasonably vivid,4. Clear and reasonably vivid,4. Clear and reasonably vivid,4. Clear and reasonably vivid,3. Moderately clear and vivid,4. Clear and reasonably vivid,3. Moderately clear and vivid,4. Clear and reasonably vivid,3. Moderately clear and vivid,4. Clear and reasonably vivid,4. Clear and reasonably vivid,3. Moderately clear and vivid
R_1QDFcDrzwXtPhSw,,,,,Cherry,,,Butterfly,,,Candelabra,,,,,,Ice cream,,,Snowglobe,,,Lollipop,,Number 4,,,,,fish bone,,,,,,,Clover,,,Cup,,,,,,Grenade,,letter T,,,,letter F,,Music note,Cat snout,,,,,,4. Clear and reasonably vivid,4. Clear and reasonably vivid,3. Moderately clear and vivid,2. Vague and dim,2. Vague and dim,2. Vague and dim,3. Moderately clear and vivid,2. Vague and dim,3. Moderately clear and vivid,4. Clear and reasonably vivid,2. Vague and dim,3. Moderately clear and vivid,2. Vague and dim,3. Moderately clear and vivid,3. Moderately clear and vivid,3. Moderately clear and vivid
R_5dWeWShB7qgdljb,,zibracrossing,,goggles,,spetacle,,,,,,,shovel,,,ice cream,Balloon,ship flag,,eight,,cartoon image,,,,,fork,,,,Arrow through a cricle,,,ice cream,,,,,,,,,musical symbol,,,,,,,cartoon image,,,,,Direction toward a T junction,,,,,,3. Moderately clear and vivid,3. Moderately clear and vivid,3. Moderately clear and vivid,4. Clear and reasonably vivid,4. Clear and reasonably vivid,4. Clear and reasonably vivid,3. Moderately clear and vivid,2. Vague and dim,2. Vague and dim,2. Vague and dim,2. Vague and dim,2. Vague and dim,3. Moderately clear and vivid,3. Moderately clear and vivid,3. Moderately clear and vivid,4. Clear and reasonably vivid
R_18IHc8q1xLCnQHe,,,,,glasses,Glasses,,butterfly,don't know,don't know,,,,,,,Ice cream,,,,don't know,,,,,,,,Shovel,don't know,,,shovel,don't know,,don't know,,ice cream,ice cream,,,,,,,,,,,,,,,,don't know,,,,,,2. Vague and dim,"1. No image at all, you only 'know' that you are thinking of the object",2. Vague and dim,"1. No image at all, you only 'know' that you are thinking of the object",2. Vague and dim,"1. No image at all, you only 'know' that you are thinking of the object","1. No image at all, you only 'know' that you are thinking of the object","1. No image at all, you only 'know' that you are thinking of the object",3. Moderately clear and vivid,2. Vague and dim,2. Vague and dim,2. Vague and dim,2. Vague and dim,2. Vague and dim,3. Moderately clear and vivid,2. Vague and dim
R_6kgGwRyVnn2pfaN,,,Glasses,,Bd,,,,,,comb,,,,,,,,Sd,Hourglass,Infinity symbol,,,,,,,,Shovel,Anchor,Stick figure,Glass,,,,Teepee,,,,,,,,,,,Vase,,Heart,,,letter E,,,Glass,,,,,,4. Clear and reasonably vivid,4. Clear and reasonably vivid,4. Clear and reasonably vivid,3. Moderately clear and vivid,3. Moderately clear and vivid,3. Moderately clear and vivid,4. Clear and reasonably vivid,4. Clear and reasonably vivid,2. Vague and dim,3. Moderately clear and vivid,3. Moderately clear and vivid,3. Moderately clear and vivid,4. Clear and reasonably vivid,3. Moderately clear and vivid,3. Moderately clear and vivid,3. Moderately clear and vivid
R_1HvLzzAFpuugjE9,,ladder,,,,,tree,,no idea,,,,,,,lightbulb,,,purse,,person's torso,,,,,,,,,no idea,,,,,glasses,,,,person's torso,,,,,no idea,no idea,lamp,,tetris block,,,TV,,,,no idea,,,,,,2. Vague and dim,"1. No image at all, you only 'know' that you are thinking of the object","1. No image at all, you only 'know' that you are thinking of the object",2. Vague and dim,3. Moderately clear and vivid,3. Moderately clear and vivid,4. Clear and reasonably vivid,3. Moderately clear and vivid,3. Moderately clear and vivid,"1. No image at all, you only 'know' that you are thinking of the object",2. Vague and dim,3. Moderately clear and vivid,2. Vague and dim,3. Moderately clear and vivid,2. Vague and dim,2. Vague and dim
R_67jsyOVtJ4io3hM,ladder,stairs,,Glasses,,,,,,,broom,,,,,ice cream,,,,pedestal,statue,,,rake,,,,,,,,lamp,mop,,nose/eyes,crane,,,,,,,,,,,,,,,,toothbrush,sailboat,,stand,,,,,,3. Moderately clear and vivid,3. Moderately clear and vivid,3. Moderately clear and vivid,4. Clear and reasonably vivid,3. Moderately clear and vivid,3. Moderately clear and vivid,3. Moderately clear and vivid,3. Moderately clear and vivid,2. Vague and dim,2. Vague and dim,2. Vague and dim,2. Vague and dim,3. Moderately clear and vivid,3. Moderately clear and vivid,3. Moderately clear and vivid,3. Moderately clear and vivid
R_3hGCmhPK0roMNK6,,ladder,,,,ant,,,butterfly,,,,bulb,,arrow,,tulip,flower,bee,,,,,,,,,,,,,,,,,,,,,dog,boat,,bike handle,bike,,,,a tree,,stick figure,,,,butterfly,,,,,,,3. Moderately clear and vivid,5. Perfectly clear and as vivid as normal vision,4. Clear and reasonably vivid,4. Clear and reasonably vivid,5. Perfectly clear and as vivid as normal vision,4. Clear and reasonably vivid,3. Moderately clear and vivid,5. Perfectly clear and as vivid as normal vision,4. Clear and reasonably vivid,5. Perfectly clear and as vivid as normal vision,5. Perfectly clear and as vivid as normal vision,4. Clear and reasonably vivid,4. Clear and reasonably vivid,4. Clear and reasonably vivid,4. Clear and reasonably vivid,3. Moderately clear and vivid
R_3wo5ExxrXHBVtdF,,,,glasses,,,,butterfly,butterfly,,bug,,tear drop,,pentagon,icecream cone,,,,,,,,,,arrowhead,,,,,stick person,,,face,face,,,,,,note,,,,,,,,,,person,letter T,,music note,,,,,,,3. Moderately clear and vivid,4. Clear and reasonably vivid,4. Clear and reasonably vivid,4. Clear and reasonably vivid,3. Moderately clear and vivid,2. Vague and dim,3. Moderately clear and vivid,3. Moderately clear and vivid,4. Clear and reasonably vivid,3. Moderately clear and vivid,2. Vague and dim,3. Moderately clear and vivid,5. Perfectly clear and as vivid as normal vision,4. Clear and reasonably vivid,4. Clear and reasonably vivid,4. Clear and reasonably vivid
R_3pECSJ1nV3ebG8v,,,eye glasses,,,goggles,arrow,,,,fork,,,,,diamond,,,cat,,,,,letter H,,,candy bar,,,,,spatula,,,eyes nose,,,,,,,two boxes,pendulum,,,circle square,dog shape,,,,,,,music note,,,,,,,3. Moderately clear and vivid,2. Vague and dim,2. Vague and dim,2. Vague and dim,3. Moderately clear and vivid,3. Moderately clear and vivid,3. Moderately clear and vivid,4. Clear and reasonably vivid,4. Clear and reasonably vivid,4. Clear and reasonably vivid,4. Clear and reasonably vivid,3. Moderately clear and vivid,3. Moderately clear and vivid,3. Moderately clear and vivid,3. Moderately clear and vivid,2. Vague and dim
R_3LYjBidWcX7T3mo,,,,,,,,,,,,,,dior,kite,house,,,hanger,hanger,,padlock,,plus sign,,pickaxe,euro symbol,glasses,,,,NA,,,,,,,,,semi circle,,,heart,,,,,,hourglass,,,,NA,,,,,,,3. Moderately clear and vivid,4. Clear and reasonably vivid,4. Clear and reasonably vivid,4. Clear and reasonably vivid,4. Clear and reasonably vivid,4. Clear and reasonably vivid,4. Clear and reasonably vivid,5. Perfectly clear and as vivid as normal vision,4. Clear and reasonably vivid,4. Clear and reasonably vivid,4. Clear and reasonably vivid,5. Perfectly clear and as vivid as normal vision,4. Clear and reasonably vivid,4. Clear and reasonably vivid,4. Clear and reasonably vivid,4. Clear and reasonably vivid
R_3kvWEB9djiIi0IW,,Ladder,,,Glasses,,,,,,,,,Headphones,,,Abstract Eyeball,,Kite,,,,Lollipop,,,,,,,,,,,Infinity pyramid ,,pitchfork,,,Ice cream ,PC,,,Balloon,,,,,Capital T,Heart,Stick Figure,,,Abstract umbrella ,,,,,,,,3. Moderately clear and vivid,3. Moderately clear and vivid,2. Vague and dim,4. Clear and reasonably vivid,3. Moderately clear and vivid,4. Clear and reasonably vivid,4. Clear and reasonably vivid,4. Clear and reasonably vivid,3. Moderately clear and vivid,3. Moderately clear and vivid,4. Clear and reasonably vivid,3. Moderately clear and vivid,3. Moderately clear and vivid,3. Moderately clear and vivid,3. Moderately clear and vivid,3. Moderately clear and vivid
R_1FenkheohNSgeLu,,,,,Glasses,percentage sign,arrow,,butterfly,,,,,,,,,,,,,speaker sign,,,,,,Glasses,hanger,,,,,,,,balloons ,,,,,,,necklace ,,port ,lamp,square,beach,Key,,,aircraft,,,,,,,,4. Clear and reasonably vivid,3. Moderately clear and vivid,2. Vague and dim,4. Clear and reasonably vivid,4. Clear and reasonably vivid,3. Moderately clear and vivid,5. Perfectly clear and as vivid as normal vision,5. Perfectly clear and as vivid as normal vision,3. Moderately clear and vivid,2. Vague and dim,4. Clear and reasonably vivid,5. Perfectly clear and as vivid as normal vision,2. Vague and dim,3. Moderately clear and vivid,3. Moderately clear and vivid,2. Vague and dim
R_1PcY1LS2Mfhz64A,,,,,,glasses,stick figure,,bag,,buck teeth,cup,,oval,,,balloon,,circle,,,,,,lowercase h,,,,,HD,,,,,,,person,,,,,grid,,,,,,line graph,,arrow,,,Boat,,,,,,,,4. Clear and reasonably vivid,4. Clear and reasonably vivid,3. Moderately clear and vivid,4. Clear and reasonably vivid,3. Moderately clear and vivid,3. Moderately clear and vivid,2. Vague and dim,4. Clear and reasonably vivid,4. Clear and reasonably vivid,3. Moderately clear and vivid,5. Perfectly clear and as vivid as normal vision,4. Clear and reasonably vivid,3. Moderately clear and vivid,4. Clear and reasonably vivid,2. Vague and dim,4. Clear and reasonably vivid
R_32V2gkHfxz9ROBB,,,,bra,,,,,,horse barn,fork,,umbrella,,house,,,ice cream,ying yang,ring,,fish,,comb,,,,,basket,,fish,,,,,,,,,,,,hospital sign,,,,,,,,,letter F,sailboat,,,,,,,,4. Clear and reasonably vivid,4. Clear and reasonably vivid,4. Clear and reasonably vivid,4. Clear and reasonably vivid,5. Perfectly clear and as vivid as normal vision,4. Clear and reasonably vivid,4. Clear and reasonably vivid,4. Clear and reasonably vivid,4. Clear and reasonably vivid,4. Clear and reasonably vivid,4. Clear and reasonably vivid,4. Clear and reasonably vivid,4. Clear and reasonably vivid,4. Clear and reasonably vivid,4. Clear and reasonably vivid,3. Moderately clear and vivid
R_6HAHLrUWhq9nby4,,,,,,bed,,Butterfly ,,,Two squares,,,,Arrow,,ice cream,,,,Capital B,,lollipop,Letter H,,,Door,,,,snowman,,,,,,,,,Race track,,,,,,mushroom,,,heart,stickfigure person,,line,,,,,,,,,4. Clear and reasonably vivid,4. Clear and reasonably vivid,3. Moderately clear and vivid,2. Vague and dim,5. Perfectly clear and as vivid as normal vision,4. Clear and reasonably vivid,4. Clear and reasonably vivid,4. Clear and reasonably vivid,4. Clear and reasonably vivid,3. Moderately clear and vivid,4. Clear and reasonably vivid,3. Moderately clear and vivid,5. Perfectly clear and as vivid as normal vision,5. Perfectly clear and as vivid as normal vision,4. Clear and reasonably vivid,3. Moderately clear and vivid
R_7Kuxq2JKf3BOKPH,ladder,,,,,,,,,,fork,cup,,sunglasses,,Cone,cone,,dollar sign,,,stick figure,,,,,,,,,,,eye,bow tie,,fork,,,,,,,watch,tadpole,,,,Capital T,,,,sideways T,,,,,,,,,4. Clear and reasonably vivid,4. Clear and reasonably vivid,3. Moderately clear and vivid,2. Vague and dim,2. Vague and dim,2. Vague and dim,3. Moderately clear and vivid,3. Moderately clear and vivid,2. Vague and dim,4. Clear and reasonably vivid,4. Clear and reasonably vivid,3. Moderately clear and vivid,2. Vague and dim,3. Moderately clear and vivid,4. Clear and reasonably vivid,3. Moderately clear and vivid
R_6RqfSAN0DF8nnsa,ladder,,,,,,tree,,,,,,,,,,,,,propeller hat,,,,,,baseball pendant,,eyeglasses,,bow and arrow,,stick figure,plunger,movie projector,,rake,flower,ice cream,,,coffee cup,,,,lobby button,,,,,,present,,,,,,,,,,4. Clear and reasonably vivid,4. Clear and reasonably vivid,3. Moderately clear and vivid,4. Clear and reasonably vivid,4. Clear and reasonably vivid,4. Clear and reasonably vivid,5. Perfectly clear and as vivid as normal vision,5. Perfectly clear and as vivid as normal vision,5. Perfectly clear and as vivid as normal vision,5. Perfectly clear and as vivid as normal vision,4. Clear and reasonably vivid,3. Moderately clear and vivid,3. Moderately clear and vivid,3. Moderately clear and vivid,3. Moderately clear and vivid,4. Clear and reasonably vivid
R_1paSSMOwVWpJyn2,,,glasses,,,,,bow tie,,,brush,wine glass,,,,icecream cone,,,computer mouse,,,,,,letter J,,,glasses,,helicopter,,,,bow,,,,ice cream cone,,,,window,,,,ice cream,,letter Y,,person,,,,,,,,,,,3. Moderately clear and vivid,3. Moderately clear and vivid,2. Vague and dim,2. Vague and dim,4. Clear and reasonably vivid,4. Clear and reasonably vivid,4. Clear and reasonably vivid,4. Clear and reasonably vivid,3. Moderately clear and vivid,3. Moderately clear and vivid,2. Vague and dim,3. Moderately clear and vivid,4. Clear and reasonably vivid,4. Clear and reasonably vivid,4. Clear and reasonably vivid,4. Clear and reasonably vivid
R_7NhDTJ2fxewY5qh,,Ladder,Circles ,,,,,,Butterfly ,,cubes,,,,,Trapezoid ,,,,,,,Lollipop,Pie symbol ,,,Cubes,,Shovel ,,stick figure ,,Triangle ,,,,Flower ,,,Lighter,,,,,,Circle,,,Cherries ,,,,,,,,,,,,2. Vague and dim,3. Moderately clear and vivid,"1. No image at all, you only 'know' that you are thinking of the object",4. Clear and reasonably vivid,3. Moderately clear and vivid,4. Clear and reasonably vivid,4. Clear and reasonably vivid,4. Clear and reasonably vivid,2. Vague and dim,3. Moderately clear and vivid,4. Clear and reasonably vivid,4. Clear and reasonably vivid,3. Moderately clear and vivid,4. Clear and reasonably vivid,5. Perfectly clear and as vivid as normal vision,3. Moderately clear and vivid
R_5RvyCf53JoQh7Eg,,Ladder ,,No idea ,The same as previous question ,fallen hourglass,Arrow ,,Butterfly ,Broken ladder ,,,,,,,,,,,Person ,,,,,,,,,,Rocket ship ,Champagne glass ,,,,Inverted peace symbol ,clover,,Ice cream cone,,,,Snake ,,,,Mouse,,,,,,,,,,,,,,4. Clear and reasonably vivid,4. Clear and reasonably vivid,3. Moderately clear and vivid,4. Clear and reasonably vivid,5. Perfectly clear and as vivid as normal vision,5. Perfectly clear and as vivid as normal vision,5. Perfectly clear and as vivid as normal vision,5. Perfectly clear and as vivid as normal vision,4. Clear and reasonably vivid,4. Clear and reasonably vivid,5. Perfectly clear and as vivid as normal vision,4. Clear and reasonably vivid,5. Perfectly clear and as vivid as normal vision,5. Perfectly clear and as vivid as normal vision,5. Perfectly clear and as vivid as normal vision,4. Clear and reasonably vivid
R_6YaCnTxmrtmyBmt,,,bra,,,,,,butterfly,,,,,,house,icecream cone,,,,,,,,flag,number 4,,,glasses,,,,teeball,,,,rake,,,Balloons,cup,gate,present,,,lottery ball,eight,,,,,,,,,,,,,,,5. Perfectly clear and as vivid as normal vision,4. Clear and reasonably vivid,4. Clear and reasonably vivid,5. Perfectly clear and as vivid as normal vision,4. Clear and reasonably vivid,5. Perfectly clear and as vivid as normal vision,3. Moderately clear and vivid,5. Perfectly clear and as vivid as normal vision,5. Perfectly clear and as vivid as normal vision,4. Clear and reasonably vivid,4. Clear and reasonably vivid,5. Perfectly clear and as vivid as normal vision,4. Clear and reasonably vivid,4. Clear and reasonably vivid,5. Perfectly clear and as vivid as normal vision,4. Clear and reasonably vivid