1,2,3,4,5,6,7,8,9,10,11,12,13,14,15,16,17,18,19,20,21,22,23,24,25,26,27,28,29,30,31,32,33,34,35,36,37,38,39,40,41,42,43,44,45,46,47,48,49,50,51,52,53,54,55,56,57,58,59,60
url image 1,url image 2,url image 3,url image 4,url image 5,url image 6,url image 7,url image 8,url image 9,url image 10,url image 11,url image 12,url image 13,url image 14,url image 15,url image 16,url image 17,url image 18,url image 19,url image 20,url image 21,url image 22,url image 23,url image 24,url image 25,url image 26,url image 27,url image 28,url image 29,url image 30,url image 31,url image 32,url image 33,url image 34,url image 35,url image 36,url image 37,url image 38,url image 39,url image 40,url image 41,url image 42,url image 43,url image 44,url image 45,url image 46,url image 47,url image 48,url image 49,url image 50,url image 51,url image 52,url image 53,url image 54,url image 55,url image 56,url image 57,url image 58,url image 59,url image 60
ladder stack,fence,heart,Figure eight,eyeglasses,steering wheel,Arrow shaft,winged scepter,cactus,A T with two small bars on the side,picket fence,hammer,boat,Horseshoe magnet,Yield sign,funnel,bell,ship flag,southeast direction,mushroom,mushroom,ice cream,Stethoscope silhouette,bucket,shelf bracket,signpost,window frame,Goggles,coat hook,keyhole,balloon,bell,hammer,owl,owl,Trident,info icon,owl face,owl face,side chair,padlock,3x3 grid,Power symbol,stethoscope,target,handlebars,snail shell,cross,sad face,radio tower,stick figure,Hammer,hammer,planted sword,location marker,lowercase r,scissor jack,umbrella hook,road sign,wireframe cube
ladder rungs,sideways ladder,handcuffs,binoculars,butterfly wings,bow tie,christmas tree,cheerleader,Ship anchor,broken comb,dinner fork,UFO,bulb,Skull,Skull,bell,umbrella,speech balloon,smoking face,key,Letter B,record player,hand mirror,staple,Boot heel,stick figure,picture frame,Binoculars,table,Rail bridge,thumbtack,mushroom cap,horseshoe magnet,glasses,butterfly,telephone pole,snowman,club suit,club symbol,table frame,pipe,tic-tac-toe board,question mark,power button,stick figure,spade symbol,snake eye,handgun,bikini top,inverted trident,claw hammer,shelf bracket,hanging lamp,hockey stick,letter T,letter k,capital z,Umbrella handle,pine tree,
ladder structure,Eiffel tower,Handlebar mustache,infinity symbol,goggles,butterfly,double spear,Ship anchor,butterfly bow,comb teeth,Stapler silhouette,mushroom cap,table,pig snout,hexagon,wine glass,manta ray,ribbon award,wheelchair,ice cream,american football,play icon,standing microphone,jib crane,Tuning fork,Letter F,backwards F,bra,magnifying glass,Bridge support,push pin,upside-down table,toilet plunger,butterfly mask,bikini top,downward arrow,barbell lollipop,club symbol,club suit,shopping cart,padlock hasp,hash symbol,computer mouse,soup bowl,golf club,eye,egyptian eye,garden hoe,spade symbol,Upside-down tree,tripod camera,sideways T,golf hole,skeleton key,pushpin,golf club,barn door,,triangular signpost,
,ladder rungs,Bunny ears,butterfly wings,binoculars,eyeglasses,pine tree,human figure,inverted comb,Cyrillic letter,rotated table,table lamp,mushroom cap,toilet seat,dog house,teardrop,flying saucer,key,smash ball,lollipop,light bulb,Pac-Man,Swirl lollipop,periscope,hammer head,pennant flag,battery symbol,butterfly,Letter B,comb,martini glass,mushroom anchor,spiked helmet,eyeglasses,spade symbol,peace symbol,Bowtie person,snowman face,ouroboros symbol,Flagpole sign,parking sign,window pane,musical note,saxophone key,seated person,anchor chalice,glasses,capital T,spade,Candelabra stand,flag emblem,coat rack,mushroom,treble clef,Downward arrow,tobacco pipe,windmill blades,,trophy cup,
,three-rung ladder,two cherries,owl eyes,barbell weight,headphones,fletched arrow,butterfly head,butterfly antennae,fir tree,table fork,lying person,mushroom cloud,butterfly cradle,pennant flag,ice-cream cone,hanging lantern,Umbrella,asclepius rod,teapot lid,theta symbol,padlock keyhole,head on shoulders,block H,Skeleton key,Capital K,broken ladder,bicycle handlebars,C note,grand piano,Arrow through a cricle,Umbrella handle,capitol dome,bowbow,Heart glasses,utility pole,club symbol,club,stylized person,EP,Flag sign,window frame,Apple stem,swan neck,hanging target,Butterfly wings,,T-junction,butterfly knife,Boat anchor,running man,capital F,snow globe,magnifying glass,anchor spear,flag pole,letter Z,,Sword,
,,butterfly wings,eyeglass,pregnant woman,eyeglasses with antennas,pair of arrows,caduceus,Four-leaf clover,fork and knife,bug crawling,Desk lamp,arched window,Contained Ds,cut diamond,church bell,slingshot,map pin,padlock key,user icon,overturned cup,arrow,Hand mirror,pipe wrench,pipe wrench,anchor symbol,door frame,headphones,G-clamp,bitcoin symbol,,claw hammer,bell clapper,,,forked staff,balloon,clover,Snowman sideways,rectangle,flag,Lined square,snake charmer,Snake eye,sitting person,Playing spade,,sledge hammer,heart arrow,slingshot upside down,weighing balance,flagpole bracket,anchor,flag key,christmas tree,registered symbol,window pane,,Greek temple,
,,playing spade,TIE fighter,spectacles,fallen hourglass,up arrow,Digit 8,,Fork and trident,,anchor,padlock,,Pentagon house,Trophy cup,,Trumpet mouthpiece,CD slot,person icon,coffee cup,cone and face,,Pistol,flag sign,less-than sign,window,barbell weight,plunger,park bench,,,umbrella handle,,,slingshot frame,,triple scoop ice cream cone,club,Skeleton key,marker for going right,H shape,saxophone key,,Skeleton key,Figure eight,,Flagpole sign,broken heart,stickfigure person,,inverted T,teapot,pound sign,road sign,compass needle,two triangles ,,up arrow,
,,Eyeglasses,,,,wow,long diamond,,Hair comb,,arch bridge,table lamp,,Square bucket,bookmark,,butterfly wings,sled,stick figure,pregnant woman,cartoon image,,,Flagpole signpost,pennant,shopping cart,,exclamation mark,comb,,,service bell,,,Slingshot pole,,ice cream scoops on a cone,pulley system,lock standing sideways,,,Lollipop swirl,,padlock,Handlebar mustache,,table lamp,Owl face,,,Flagpole signpost,pistol,Flag stand,spade symbol,kite emblem,,,upward arrow,
,,cherries,,,,,,,table,,Floor lamp,,,Honeycomb cell,location pin,,Cup trophy,clothesline,toilet,sideways headphones,,,,Street lamp,arrow sign,door handle,,stethoscope symbol,trident fork,,,Mushroom stem,,,,,Flower,football player with shoulder pads,,,,question mark,,power button,,,Right angle,Arrow key,,,flagpole sign,Fish hook,lowercase f,Down arrow,circled R,,,Campfire tripod,
,,,,,,,,,two open attached triangles,,Dried,,,square with a diamond in the middle,,,Arch bridge,skeleton key,pulley hook,snail,,,,Tower crane,Flagpole arrow,Capital E,,hand,clock,,,spoon,,,,,,ice cream scoops in a cone,,,,Treble clef,,face with a nose,,,corner bracket,ice-cream cone,,,Uppercase F,,fishing hook,table lamp,balloon string,,,Arrowhead ladder,
,,,,,,,,,,,D on stilts,,,Equilateral hexagon,,,,hot coffee,,padlock,,,,,axe,2 square stacked into each other,,wine glass,skeleton key,,,Church bell,,,,,,ice cream cone with three scoops ,,,,,,,,,,evil chibi face,,,,,Combination wrench,Direction toward a T junction,partial clock,,,Bridge arch,
,,,,,,,,,,,,,,,,,,euro symbol,,2 circles,,,,,coat hanger,,,hard drive,Church window,,,Upsidedown Umbrella,,,,,,stacked symbol,,,,,,,,,,,,,,,g clef,,Broken arrow,,,Christmas tree,
,,,,,,,,,,,,,,,,,,database,,ice cream,,,,,triangle attached to a straight line,,,Jib crane,HD monogram,,,bird footprint,,,,,,,,,,,,,,,,,,,,,,,Circled K,,,planted tree,
,,,,,,,,,,,,,,,,,,Currency symbol,,,,,,,,,,,HD icon,,,chickenfoot,,,,,,,,,,,,,,,,,,,,,,,half k,,,,
,,,,,,,,,,,,,,,,,,,,,,,,,,,,,fence,,,,,,,,,,,,,,,,,,,,,,,,,,down Arrow button,,,,
,,,,,,,,,,,,,,,,,,,,,,,,,,,,,Hinge pin,,,,,,,,,,,,,,,,,,,,,,,,,,Half 'k' in circle,,,,
,,,,,,,,,,,,,,,,,,,,,,,,,,,,,,,,,,,,,,,,,,,,,,,,,,,,,,,circle with a V towards the top,,,,
,,,,,,,,,,,,,,,,,,,,,,,,,,,,,,,,,,,,,,,,,,,,,,,,,,,,,,,V in circle,,,,